date,actual,predicted
2020-12-08,5.098299980163574,5.144073411789892
2020-12-09,5.119699954986572,5.126807976679025
2020-12-10,5.169700145721436,5.142409605038926
2020-12-11,5.024199962615967,5.1689921207802465
2020-12-12,5.024199962615967,5.070016183523944
2020-12-13,5.024199962615967,5.04978360439105
2020-12-14,5.064199924468994,5.054849869314383
2020-12-15,5.117700099945068,5.080788779944044
2020-12-16,5.078884124755859,5.129794898197009
2020-12-17,5.083199977874756,5.085446794846208
2020-12-18,5.056900024414063,5.09409377010359
2020-12-19,5.056900024414063,5.076857562978599
2020-12-20,5.056900024414063,5.072461008474027
2020-12-21,5.100599765777588,5.0800100372890045
2020-12-22,5.118937969207764,5.088969652051098
2020-12-23,5.1566548347473145,5.138917869895594
2020-12-24,5.2153000831604,5.166527597178002
2020-12-25,5.2153000831604,5.187203795193822
2020-12-26,5.2153000831604,5.206602238876185
2020-12-27,5.2153000831604,5.209856543881739
2020-12-28,5.2153000831604,5.2053070036707245
2020-12-29,5.2459001541137695,5.212327220729046
2020-12-30,5.208600044250488,5.24581960897964
2020-12-31,5.190838813781738,5.1991353472407305
2021-01-01,5.1921000480651855,5.181778114570953
2021-01-02,5.1921000480651855,5.195601234237377
2021-01-03,5.1921000480651855,5.185184446965545
2021-01-04,5.19189977645874,5.179411029475835
2021-01-05,5.295300006866455,5.18501690097928
2021-01-06,5.28410005569458,5.2757481040181355
2021-01-07,5.312900066375732,5.265516994336554
2021-01-08,5.40880012512207,5.305672236634523
2021-01-09,5.40880012512207,5.366915380762128
2021-01-10,5.40880012512207,5.389088152913934
2021-01-11,5.412188053131104,5.40167720136124
2021-01-12,5.48769998550415,5.390722666129248
2021-01-13,5.321400165557861,5.430107480540791
2021-01-14,5.297500133514404,5.350420310598116
2021-01-15,5.195799827575684,5.327179761205342
2021-01-16,5.195799827575684,5.246013453608345
2021-01-17,5.195799827575684,5.19308601095409
2021-01-18,5.291299819946289,5.190534225534185
2021-01-19,5.2947998046875,5.288865716400166
2021-01-20,5.3566999435424805,5.305724796788547
2021-01-21,5.290500164031982,5.299464730175468
2021-01-22,5.349500179290772,5.304937987531861
2021-01-23,5.349500179290772,5.321163951620327
2021-01-24,5.349500179290772,5.32160966345993
2021-01-25,5.465499877929688,5.356764930044778
2021-01-26,5.465499877929688,5.427084948380477
2021-01-27,5.353799819946289,5.427992215072933
2021-01-28,5.412600040435791,5.3538766851415796
2021-01-29,5.437989234924316,5.394289345254484
2021-01-30,5.437989234924316,5.412482918140739
2021-01-31,5.437989234924316,5.404025329714257
2021-02-01,5.4608001708984375,5.413162206324192
2021-02-02,5.430500030517578,5.41248158379613
2021-02-03,5.366899967193604,5.379056300258722
2021-02-04,5.352000236511231,5.3509041229468455
2021-02-05,5.4257001876831055,5.34375081012607
2021-02-06,5.4257001876831055,5.402607921354954
2021-02-07,5.4257001876831055,5.4054191033864285
2021-02-08,5.369200229644775,5.391575207061602
2021-02-09,5.364299774169922,5.332611597234229
2021-02-10,5.376699924468994,5.321160259501468
2021-02-11,5.384900093078613,5.331132205355257
2021-02-12,5.3653998374938965,5.358901686911509
2021-02-13,5.3653998374938965,5.31583509266934
2021-02-14,5.3653998374938965,5.319721659833311
2021-02-15,5.368599891662598,5.315822016091255
2021-02-16,5.368000030517578,5.335130466790833
2021-02-17,5.369400024414063,5.326543253336569
2021-02-18,5.409800052642822,5.35214983427733
2021-02-19,5.42579984664917,5.403682064837314
2021-02-20,5.42579984664917,5.410828012955186
2021-02-21,5.42579984664917,5.410311333964074
2021-02-22,5.38070011138916,5.406817031029191
2021-02-23,5.463399887084961,5.388890146060736
2021-02-24,5.439599990844727,5.414335071132643
2021-02-25,5.402964115142822,5.4001015896627065
2021-02-26,5.528025150299072,5.389997181202945
2021-02-27,5.528025150299072,5.4651637682507985
2021-02-28,5.528025150299072,5.463753429939491
2021-03-01,5.597599983215332,5.485289856247997
2021-03-02,5.640699863433838,5.575956557455882
2021-03-03,5.675099849700928,5.586440309132284
2021-03-04,5.617499828338623,5.575861887863433
2021-03-05,5.668300151824951,5.601813739977882
2021-03-06,5.668300151824951,5.599711829609539
2021-03-07,5.668300151824951,5.5994647024198265
2021-03-08,5.689499855041504,5.600509516962463
2021-03-09,5.874599933624268,5.587293498577407
2021-03-10,5.801499843597412,5.66720694211567
2021-03-11,5.67110013961792,5.678447710391052
2021-03-12,5.534800052642822,5.596894856699436
2021-03-13,5.534800052642822,5.547691675945517
2021-03-14,5.534800052642822,5.563894291959005
2021-03-15,5.495155811309815,5.554418680966013
2021-03-16,5.614500045776367,5.453764848106349
2021-03-17,5.6234002113342285,5.568502456900131
2021-03-18,5.583099842071533,5.5858888157577615
2021-03-19,5.558700084686279,5.5833415783061975
2021-03-20,5.558700084686279,5.585297568254422
2021-03-21,5.558700084686279,5.574829236088306
2021-03-22,5.493563175201416,5.547795875767349
2021-03-23,5.505499839782715,5.459966144445093
2021-03-24,5.520400047302246,5.459372544500747
2021-03-25,5.61959981918335,5.454556174922937
2021-03-26,5.648399829864502,5.554431120585653
2021-03-27,5.648399829864502,5.560619631484768
2021-03-28,5.648399829864502,5.565266023478012
2021-03-29,5.752399921417236,5.581148314834713
2021-03-30,5.780799865722656,5.675932290956539
2021-03-31,5.771599769592285,5.675671692356985
2021-04-01,5.63129997253418,5.664946984835172
2021-04-02,5.707399845123291,5.586655404010314
2021-04-03,5.707399845123291,5.662997414848562
2021-04-04,5.707399845123291,5.660342653423384
2021-04-05,5.710599899291992,5.67500718481329
2021-04-06,5.662700176239014,5.671905151905962
2021-04-07,5.593200206756592,5.576764187084961
2021-04-08,5.612100124359131,5.591238958247991
2021-04-09,5.566599845886231,5.593293166756066
2021-04-10,5.566599845886231,5.571788785432345
2021-04-11,5.566599845886231,5.574846524343887
2021-04-12,5.679299831390381,5.555823390526035
2021-04-13,5.732200145721436,5.57313355387916
2021-04-14,5.716300010681152,5.673476315866833
2021-04-15,5.652900218963623,5.680382650809783
2021-04-16,5.614999771118164,5.5983150613246195
2021-04-17,5.614999771118164,5.5850047646974845
2021-04-18,5.614999771118164,5.580324260460639
2021-04-19,5.5858001708984375,5.5713702298791645
2021-04-20,5.545300006866455,5.570077627476183
2021-04-21,5.56790018081665,5.559906283179426
2021-04-22,5.56790018081665,5.564678130471854
2021-04-23,5.44320011138916,5.4687691883802865
2021-04-24,5.44320011138916,5.417290622870398
2021-04-25,5.44320011138916,5.40153221810518
2021-04-26,5.477200031280518,5.396628272247748
2021-04-27,5.435299873352051,5.442550409301083
2021-04-28,5.451000213623047,5.40829222940183
2021-04-29,5.341400146484375,5.414532914627678
2021-04-30,5.336400032043457,5.374011872098374
2021-05-01,5.336400032043457,5.358143718033782
2021-05-02,5.336400032043457,5.357441895574382
2021-05-03,5.439700126647949,5.357149475580574
2021-05-04,5.43809986114502,5.385199588975904
2021-05-05,5.442599773406982,5.392884864018906
2021-05-06,5.352700233459473,5.399954700244093
2021-05-07,5.273430824279785,5.361457822128222
2021-05-08,5.273430824279785,5.335242077738479
2021-05-09,5.273430824279785,5.310138513870049
2021-05-10,5.235499858856201,5.288998937530573
2021-05-11,5.2221999168396,5.261225267767661
2021-05-12,5.221199989318848,5.199170874924807
2021-05-13,5.303100109100342,5.203718048622774
2021-05-14,5.307700157165527,5.2807380404689095
2021-05-15,5.307700157165527,5.308114439763702
2021-05-16,5.307700157165527,5.3009656884301615
2021-05-17,5.269499778747559,5.317887026485441
2021-05-18,5.271500110626221,5.299060977258981
2021-05-19,5.259500026702881,5.279724347736493
2021-05-20,5.308000087738037,5.278253357438247
2021-05-21,5.281300067901611,5.296315487173571
2021-05-22,5.281300067901611,5.2853413317443945
2021-05-23,5.281300067901611,5.299446860487593
2021-05-24,5.361800193786621,5.305617190053953
2021-05-25,5.31850004196167,5.328574999178238
2021-05-26,5.330699920654297,5.329982215274191
2021-05-27,5.310500144958496,5.3308214397267015
2021-05-28,5.2382001876831055,5.3295976133193435
2021-05-29,5.2382001876831055,5.270872175513422
2021-05-30,5.2382001876831055,5.288759414642289
2021-05-31,5.23799991607666,5.262648644962956
2021-06-01,5.216599941253662,5.261063630497301
2021-06-02,5.149700164794922,5.2148452527294396
2021-06-03,5.07450008392334,5.193805385645877
2021-06-04,5.076300144195557,5.158563556821161
2021-06-05,5.076300144195557,5.153045615198594
2021-06-06,5.076300144195557,5.1297363899668875
2021-06-07,5.044600009918213,5.096060336095702
2021-06-08,5.045199871063232,5.0856921332436364
2021-06-09,5.034900188446045,5.091727546272411
2021-06-10,5.061500072479248,5.076507300550306
2021-06-11,5.054500102996826,5.080646138614917
2021-06-12,5.054500102996826,5.079987721797314
2021-06-13,5.054500102996826,5.079115006732478
2021-06-14,5.117000102996826,5.086016158728147
2021-06-15,5.058599948883057,5.100576493171119
2021-06-16,5.043799877166748,5.080325499669537
2021-06-17,5.054299831390381,5.087759444166362
2021-06-18,5.007400035858154,5.098682135997348
2021-06-19,5.007400035858154,5.020709321745015
2021-06-20,5.007400035858154,5.012570958291819
2021-06-21,5.0960001945495605,5.021861895131062
2021-06-22,5.0131001472473145,5.093419930775874
2021-06-23,4.957099914550781,5.079331228941789
2021-06-24,4.965199947357178,4.768606231977088
2021-06-25,4.912700176239014,4.760231373194042
2021-06-26,4.912700176239014,4.749836199001344
2021-06-27,4.912700176239014,4.750056931133782
2021-06-28,4.91540002822876,4.754544173857534
2021-06-29,4.924799919128418,4.761348420448808
2021-06-30,4.955100059509277,4.7513119046229
2021-07-01,4.969200134277344,4.752965599076286
2021-07-02,5.045102119445801,4.829748117610136
2021-07-03,5.045102119445801,5.094090306854743
2021-07-04,5.045102119445801,5.1071482829617105
2021-07-05,5.059199810028076,5.096286910747275
2021-07-06,5.088459014892578,5.08434704657864
2021-07-07,5.195300102233887,5.1193977327623035
2021-07-08,5.231200218200684,5.199799115945498
2021-07-09,5.257999897003174,5.262997282342132
2021-07-10,5.257999897003174,5.294087963672797
2021-07-11,5.257999897003174,5.286812540282291
2021-07-12,5.257900238037109,5.291437623711813
2021-07-13,5.172699928283691,5.285145451113396
2021-07-14,5.162399768829346,5.201459314481577
2021-07-15,5.069900035858154,5.199431304754751
2021-07-16,5.110000133514404,5.169145330877997
2021-07-17,5.110000133514404,5.173338292437958
2021-07-18,5.110000133514404,5.172664296399118
2021-07-19,5.1153998374938965,5.156014158802497
2021-07-20,5.250899791717529,5.175824855290704
2021-07-21,5.219900131225586,5.277984008384368
2021-07-22,5.187300205230713,5.240733570242195
2021-07-23,5.1996002197265625,5.206121144371586
2021-07-24,5.1996002197265625,5.196960028099578
2021-07-25,5.1996002197265625,5.201826860450666
2021-07-26,5.19789981842041,5.205964003116742
2021-07-27,5.1753997802734375,5.190500721543497
2021-07-28,5.169099807739258,5.189319962697325
2021-07-29,5.114799976348877,5.175179230503458
2021-07-30,5.080399990081787,5.155110082745775
2021-07-31,5.080399990081787,5.145284006824982
2021-08-01,5.080399990081787,5.1507046049136305
2021-08-02,5.208700180053711,5.16471694475582
2021-08-03,5.174600124359131,5.220155329232479
2021-08-04,5.196800231933594,5.203505114970626
2021-08-05,5.1682000160217285,5.241750743337532
2021-08-06,5.245200157165527,5.219176338496421
2021-08-07,5.245200157165527,5.288523028663852
2021-08-08,5.245200157165527,5.2931827584824775
2021-08-09,5.23199987411499,5.2516774632570815
2021-08-10,5.231800079345703,5.263453538434505
2021-08-11,5.188300132751465,5.256923721079627
2021-08-12,5.218200206756592,5.195846125863189
2021-08-13,5.252200126647949,5.213334455067289
2021-08-14,5.252200126647949,5.254675539923143
2021-08-15,5.252200126647949,5.2681624191688625
2021-08-16,5.247499942779541,5.2453702499082695
2021-08-17,5.259699821472168,5.246204496514824
2021-08-18,5.294300079345703,5.2732689261070895
2021-08-19,5.378600120544434,5.317765213724158
2021-08-20,5.414100170135498,5.353038430052015
2021-08-21,5.414100170135498,5.39566657828189
2021-08-22,5.414100170135498,5.402847313133639
2021-08-23,5.379000186920166,5.378714065517573
2021-08-24,5.379899978637695,5.320959891863121
2021-08-25,5.245800018310547,5.302171623629041
2021-08-26,5.210999965667725,5.219049267214782
2021-08-27,5.251599788665772,5.188068031662179
2021-08-28,5.251599788665772,5.264563105564132
2021-08-29,5.251599788665772,5.230419228309522
2021-08-30,5.2027997970581055,5.210465454831501
2021-08-31,5.182899951934815,5.175266789691533
2021-09-01,5.1493000984191895,5.164628412804871
2021-09-02,5.184599876403809,5.141409388769739
2021-09-03,5.18179988861084,5.16451066594235
2021-09-04,5.18179988861084,5.160445546554212
2021-09-05,5.18179988861084,5.140922755047265
2021-09-06,5.189799785614014,5.161596186325204
2021-09-07,5.169300079345703,5.164432760359998
2021-09-08,5.169600009918213,5.172168853810998
2021-09-09,5.3206000328063965,5.183376188733075
2021-09-10,5.196499824523926,5.264400261724677
2021-09-11,5.196499824523926,5.167268211996506
2021-09-12,5.196499824523926,5.164434280671414
2021-09-13,5.247000217437744,5.1685633337314725
2021-09-14,5.213200092315674,5.228524398749114
2021-09-15,5.238900184631348,5.190838472111809
2021-09-16,5.221700191497803,5.226067745127649
2021-09-17,5.256800174713135,5.184635440024133
2021-09-18,5.256800174713135,5.240999859287497
2021-09-19,5.256800174713135,5.235792103363416
2021-09-20,5.289700031280518,5.248158785630828
2021-09-21,5.323200225830078,5.261404097444249
2021-09-22,5.268899917602539,5.27287638582376
2021-09-23,5.287700176239014,5.281635303597282
2021-09-24,5.3018999099731445,5.258272510526463
2021-09-25,5.3018999099731445,5.282149215730914
2021-09-26,5.3018999099731445,5.27485657215705
2021-09-27,5.336999893188477,5.285998994204436
2021-09-28,5.390399932861328,5.3035045755244425
2021-09-29,5.427599906921387,5.367881492470081
2021-09-30,5.414299964904785,5.372261943395578
2021-10-01,5.441699981689453,5.344458515827341
2021-10-02,5.441699981689453,5.353781706023309
2021-10-03,5.441699981689453,5.358378850193605
2021-10-04,5.367899894714356,5.361356794718034
2021-10-05,5.453199863433838,5.339887833305129
2021-10-06,5.475500106811523,5.44993201381763
2021-10-07,5.491899967193604,5.4860128179061585
2021-10-08,5.517000198364258,5.487424535475972
2021-10-09,5.517000198364258,5.51628040658817
2021-10-10,5.517000198364258,5.513011370808907
2021-10-11,5.506899833679199,5.506232341338293
2021-10-12,5.535999774932861,5.501521970008803
2021-10-13,5.531499862670898,5.504422002066487
2021-10-14,5.512499809265137,5.507876299362746
2021-10-15,5.512199878692627,5.500605619022496
2021-10-16,5.512199878692627,5.5011198844190465
2021-10-17,5.512199878692627,5.501808298722382
2021-10-18,5.458399772644043,5.5076357554487565
2021-10-19,5.511300086975098,5.487427264945233
2021-10-20,5.5833001136779785,5.5047265915310915
2021-10-21,5.59630012512207,5.533391325602941
2021-10-22,5.657800197601318,5.573545737349381
2021-10-23,5.657800197601318,5.609125547902038
2021-10-24,5.657800197601318,5.627694038160535
2021-10-25,5.649199962615967,5.637387656638367
2021-10-26,5.554399967193604,5.626684030282198
2021-10-27,5.564799785614014,5.571478749054409
2021-10-28,5.534999847412109,5.567589964162224
2021-10-29,5.644899845123291,5.568302537982873
2021-10-30,5.644899845123291,5.6156538756889365
2021-10-31,5.644899845123291,5.6241823053252595
2021-11-01,5.633699893951416,5.630516830763117
2021-11-02,5.678899765014648,5.647555082502814
2021-11-03,5.678599834442139,5.6453245094873115
2021-11-04,5.5524001121521,5.628487462477044
2021-11-05,5.6016998291015625,5.578979333112286
2021-11-06,5.6016998291015625,5.588356378415466
2021-11-07,5.6016998291015625,5.577672272004057
2021-11-08,5.541100025177002,5.560661083038028
2021-11-09,5.543099880218506,5.553052064606904
2021-11-10,5.479100227355957,5.53444514054205
2021-11-11,5.4899001121521,5.506536953336835
2021-11-12,5.3979997634887695,5.479821498274932
2021-11-13,5.3979997634887695,5.4388836190820005
2021-11-14,5.3979997634887695,5.42828461107134
2021-11-15,5.457600116729736,5.438877707973089
2021-11-16,5.456299781799316,5.430076981425944
2021-11-17,5.502200126647949,5.446350496044316
2021-11-18,5.52869987487793,5.500061334097118
2021-11-19,5.556399822235107,5.518732941674605
2021-11-20,5.556399822235107,5.5242432377044555
2021-11-21,5.556399822235107,5.5436463243116725
2021-11-22,5.611599922180176,5.586249446196336
2021-11-23,5.585599899291992,5.585472662123105
2021-11-24,5.570400238037109,5.569852998496292
2021-11-25,5.605199813842773,5.571317743806029
2021-11-26,5.565100193023682,5.573934718331645
2021-11-27,5.565100193023682,5.569728377608636
2021-11-28,5.565100193023682,5.569717207244286
2021-11-29,5.607800006866455,5.5675490968969354
2021-11-30,5.6006999015808105,5.564204059008764
2021-12-01,5.620871067047119,5.552647138034558
2021-12-02,5.6915669441223145,5.6149950775127015
2021-12-03,5.643321990966797,5.665736698193855
2021-12-04,5.643321990966797,5.625127211639469
2021-12-05,5.643321990966797,5.63239140828779
2021-12-06,5.65009880065918,5.642852244354801
2021-12-07,5.688000202178955,5.646012589671543
2021-12-08,5.611800193786621,5.671371011745319
2021-12-09,5.531599998474121,5.602212151545383
2021-12-10,5.571100234985352,5.571126347621659
2021-12-11,5.571100234985352,5.576458180721572
2021-12-12,5.571100234985352,5.5749645268988255
2021-12-13,5.60866117477417,5.562973037270515
2021-12-14,5.679699897766113,5.579609445477773
2021-12-15,5.680600166320801,5.64287424622403
2021-12-16,5.679399967193604,5.6412202179664686
2021-12-17,5.687399864196777,5.632258880481933
2021-12-18,5.687399864196777,5.6624504839199385
2021-12-19,5.687399864196777,5.666687741049351
2021-12-20,5.693059921264648,5.675313845561419
2021-12-21,5.741300106048584,5.682321341565882
2021-12-22,5.74399995803833,5.680483388255866
2021-12-23,5.652999877929688,5.680305660045102
2021-12-24,5.671795845031738,5.614158251644131
2021-12-25,5.671795845031738,5.622371707308814
2021-12-26,5.671795845031738,5.634107892655827
2021-12-27,5.67110013961792,5.617596106109315
2021-12-28,5.624100208282471,5.610947957066577
2021-12-29,5.627500057220459,5.629975592080253
2021-12-30,5.702700138092041,5.627240236941664
2021-12-31,5.570199966430664,5.682286554902154
2022-01-01,5.570199966430664,5.570369953142917
2022-01-02,5.570199966430664,5.559477806588582
2022-01-03,5.569300174713135,5.567748907470802
2022-01-04,5.68120002746582,5.554248755737376
2022-01-05,5.676199913024902,5.6161562588955105
2022-01-06,5.705635070800781,5.6318785931232185
2022-01-07,5.682400226593018,5.675309080740021
2022-01-08,5.682400226593018,5.644689286567357
2022-01-09,5.682400226593018,5.6417137499841115
2022-01-10,5.632199764251709,5.63879048698569
2022-01-11,5.662199974060059,5.628353308601182
2022-01-12,5.567299842834473,5.62489387163371
2022-01-13,5.533199787139893,5.5618173212591895
2022-01-14,5.526700019836426,5.548607007991025
2022-01-15,5.526700019836426,5.550641932071586
2022-01-16,5.526700019836426,5.521889436679537
2022-01-17,5.533299922943115,5.535839573318218
2022-01-18,5.5157999992370605,5.51443468764633
2022-01-19,5.565700054168701,5.521451140226024
2022-01-20,5.43720006942749,5.505032754432656
2022-01-21,5.418099880218506,5.464210755365733
2022-01-22,5.418099880218506,5.462601232832908
2022-01-23,5.418099880218506,5.455697498275857
2022-01-24,5.457099914550781,5.424047390096135
2022-01-25,5.486100196838379,5.456047596228345
2022-01-26,5.440703868865967,5.467252978879279
2022-01-27,5.429166793823242,5.451742046406686
2022-01-28,5.40348482131958,5.446965480115529
2022-01-29,5.40348482131958,5.429190536181838
2022-01-30,5.40348482131958,5.412906667280713
2022-01-31,5.362599849700928,5.412429590931562
2022-02-01,5.303100109100342,5.368595890644474
2022-02-02,5.264500141143799,5.342521623780378
2022-02-03,5.260900020599365,5.302798296343892
2022-02-04,5.282899856567383,5.291214927666495
2022-02-05,5.282899856567383,5.294939912045194
2022-02-06,5.282899856567383,5.30268050434446
2022-02-07,5.326900005340576,5.307561838860643
2022-02-08,5.262599945068359,5.314995151366788
2022-02-09,5.258399963378906,5.284352799296908
2022-02-10,5.234499931335449,5.272087733132967
2022-02-11,5.248700141906738,5.261244492172447
2022-02-12,5.248700141906738,5.249667624584925
2022-02-13,5.248700141906738,5.2643386094130085
2022-02-14,5.249956130981445,5.2512364791771375
2022-02-15,5.214000225067139,5.244991850288631
2022-02-16,5.157899856567383,5.216425684070767
2022-02-17,5.135799884796143,5.191303817396462
2022-02-18,5.170599937438965,5.1626975907397625
2022-02-19,5.170599937438965,5.180055507095233
2022-02-20,5.170599937438965,5.17262195924445
2022-02-21,5.137499809265137,5.1779540561900195
2022-02-22,5.102700233459473,5.150075326063391
2022-02-23,5.05709981918335,5.129561883902945
2022-02-24,5.008699893951416,5.120677257310698
2022-02-25,5.122200012207031,5.081818458429445
2022-02-26,5.122200012207031,5.106672358035806
2022-02-27,5.122200012207031,5.109160953879553
2022-02-28,5.15939998626709,5.1274338841487515
2022-03-01,5.158400058746338,5.181510843636262
2022-03-02,5.158999919891357,5.205200511149691
2022-03-03,5.096502780914307,5.210707467106023
2022-03-04,5.030900001525879,5.123424549045107
2022-03-05,5.030900001525879,5.066778977249753
2022-03-06,5.030900001525879,5.063587179889927
2022-03-07,5.06056022644043,5.06019987188228
2022-03-08,5.110499858856201,5.116218029939917
2022-03-09,5.058800220489502,5.130590474092602
2022-03-10,5.011499881744385,5.125861669675247
2022-03-11,5.009699821472168,5.103347515980967
2022-03-12,5.009699821472168,5.107231328490257
2022-03-13,5.009699821472168,5.100991002981503
2022-03-14,5.073500156402588,5.111747797613745
2022-03-15,5.121399879455566,5.130102488723567
2022-03-16,5.1631999015808105,5.153851716149915
2022-03-17,5.073874950408936,5.161162072503378
2022-03-18,5.039400100708008,5.131123390683946
2022-03-19,5.039400100708008,5.127212834668174
2022-03-20,5.039400100708008,5.115331512066982
2022-03-21,5.0177998542785645,5.095172036198448
2022-03-22,4.935200214385986,5.097342334358836
2022-03-23,4.909999847412109,4.985746789243892
2022-03-24,4.82420015335083,4.983163245861229
2022-03-25,4.826300144195557,4.955861407516586
2022-03-26,4.826300144195557,4.9554350388941
2022-03-27,4.826300144195557,4.953846332050548
2022-03-28,4.7368998527526855,4.952003078418922
2022-03-29,4.764100074768066,4.878486704133631
2022-03-30,4.756199836730957,4.843323025191888
2022-03-31,4.769700050354004,4.851027725257405
2022-04-01,4.737800121307373,4.842628740772637
2022-04-02,4.737800121307373,4.83674265840247
2022-04-03,4.737800121307373,4.838832041861767
2022-04-04,4.657199859619141,4.831998382569562
2022-04-05,4.593800067901611,4.820948633858854
2022-04-06,4.650700092315674,4.766497862255184
2022-04-07,4.715199947357178,4.739268406973275
2022-04-08,4.752099990844727,4.760599174198072
2022-04-09,4.752099990844727,4.780471773289328
2022-04-10,4.752099990844727,4.829419372404372
2022-04-11,4.698100090026856,4.802354886210635
2022-04-12,4.693600177764893,4.79848712613496
2022-04-13,4.673099994659424,4.756281405459106
2022-04-14,4.690199851989746,4.756783171782627
2022-04-15,4.701000213623047,4.747329247015557
2022-04-16,4.701000213623047,4.767990367157953
2022-04-17,4.701000213623047,4.76911183646472
2022-04-18,4.7006001472473145,4.763505420290334
2022-04-19,4.651999950408936,4.756716653065909
2022-04-20,4.664999961853027,4.754213390554533
2022-04-21,4.620800018310547,4.745383794713744
2022-04-22,4.620800018310547,4.716225125823041
2022-04-23,4.620800018310547,4.687673473930699
2022-04-24,4.620800018310547,4.684548527755659
2022-04-25,4.795199871063232,4.7135859739929185
2022-04-26,4.876200199127197,4.759509433535528
2022-04-27,4.997799873352051,4.912252268800215
2022-04-28,4.963600158691406,5.037498146501118
2022-04-29,4.93779993057251,4.977706270166124
2022-04-30,4.93779993057251,4.976405369496838
2022-05-01,4.93779993057251,4.9742967354042005
2022-05-02,4.97130012512207,4.976835763148261
2022-05-03,5.084700107574463,5.0412910077886215
2022-05-04,4.958099842071533,5.113090460792267
2022-05-05,4.918799877166748,4.992170201114577
2022-05-06,5.027999877929688,4.991940417454472
2022-05-07,5.027999877929688,5.117285120873159
2022-05-08,5.027999877929688,5.113297292012863
2022-05-09,5.080399990081787,5.125294627899779
2022-05-10,5.160900115966797,5.1326095584097295
2022-05-11,5.13129997253418,5.154185214397752
2022-05-12,5.134252071380615,5.148931763084828
2022-05-13,5.133399963378906,5.178060888765567
2022-05-14,5.133399963378906,5.179482217097445
2022-05-15,5.133399963378906,5.17568513077192
2022-05-16,5.058300018310547,5.14461680712239
2022-05-17,5.059700012207031,5.124143526476476
2022-05-18,4.93809986114502,5.137053185869144
2022-05-19,4.96750020980835,4.993816986016779
2022-05-20,4.929999828338623,5.0365116657172155
2022-05-21,4.929999828338623,4.994852350368291
2022-05-22,4.929999828338623,4.984506298822351
2022-05-23,4.880199909210205,4.979962989648623
2022-05-24,4.813499927520752,4.976559153129628
2022-05-25,4.817800045013428,4.9188073826961425
2022-05-26,4.822800159454346,4.9293052976516645
2022-05-27,4.768199920654297,4.94635946600558
2022-05-28,4.768199920654297,4.867804749196473
2022-05-29,4.768199920654297,4.8643934927755454
2022-05-30,4.729599952697754,4.8446539812677205
2022-05-31,4.752399921417236,4.858632038914416
2022-06-01,4.730400085449219,4.857700809585652
2022-06-02,4.815499782562256,4.849100005555457
2022-06-03,4.795700073242188,4.8948463218782985
2022-06-04,4.795700073242188,4.882699612947328
2022-06-05,4.795700073242188,4.910192052652058
2022-06-06,4.775000095367432,4.903207598153817
2022-06-07,4.7941999435424805,4.873209930814964
2022-06-08,4.867526054382324,4.913528674739293
2022-06-09,4.898099899291992,4.990826397423321
2022-06-10,4.903299808502197,4.991475338778368
2022-06-11,4.903299808502197,4.991031783501485
2022-06-12,4.903299808502197,4.980669578646156
2022-06-13,4.984000205993652,4.992273729361653
2022-06-14,5.113399982452393,5.063950101634351
2022-06-15,5.116099834442139,5.12749920832281
2022-06-16,5.052000045776367,5.1312935778263755
2022-06-17,5.052199840545654,5.11340815589286
2022-06-18,5.052199840545654,5.11919181138139
2022-06-19,5.052199840545654,5.109018647897569
2022-06-20,5.152100086212158,5.112216540399656
2022-06-21,5.18720006942749,5.1567812240225965
2022-06-22,5.122799873352051,5.165676210558682
2022-06-23,5.193600177764893,5.172869553473814
2022-06-24,5.23799991607666,5.2062582616216
2022-06-25,5.23799991607666,5.2491990047788
2022-06-26,5.23799991607666,5.2499511084394195
2022-06-27,5.241399765014648,5.243670713864143
2022-06-28,5.236800193786621,5.222843222154453
2022-06-29,5.266600131988525,5.239045387266746
2022-06-30,5.180900096893311,5.2794891075597405
2022-07-01,5.251999855041504,5.215933139309039
2022-07-02,5.251999855041504,5.243355769114513
2022-07-03,5.251999855041504,5.259055842325756
2022-07-04,5.330999851226807,5.252845425262175
2022-07-05,5.3282999992370605,5.343844262181547
2022-07-06,5.385200023651123,5.345263829705464
2022-07-07,5.427999973297119,5.408385183774647
2022-07-08,5.338200092315674,5.397194318639723
2022-07-09,5.338200092315674,5.359740368098643
2022-07-10,5.338200092315674,5.357992436358762
2022-07-11,5.254000186920166,5.346703941681734
2022-07-12,5.377200126647949,5.300914231027129
2022-07-13,5.436500072479248,5.3966167229942235
2022-07-14,5.390900135040283,5.410326445822375
2022-07-15,5.422800064086914,5.390353926899487
2022-07-16,5.422800064086914,5.412602538182795
2022-07-17,5.422800064086914,5.415730564194034
2022-07-18,5.410099983215332,5.408601655289397
2022-07-19,5.436800003051758,5.439828638927819
2022-07-20,5.413099765777588,5.435591113475705
2022-07-21,5.470200061798096,5.444088865321341
2022-07-22,5.497799873352051,5.454339020846277
2022-07-23,5.497799873352051,5.464323868065063
2022-07-24,5.497799873352051,5.486499916899007
2022-07-25,5.496699810028076,5.498345515033648
2022-07-26,5.356299877166748,5.4797025961296235
2022-07-27,5.350100040435791,5.384746932145727
2022-07-28,5.243000030517578,5.304340556342245
2022-07-29,5.182700157165527,5.241902285796343
2022-07-30,5.182700157165527,5.195593433328018
2022-07-31,5.182700157165527,5.186771655964991
2022-08-01,5.171199798583984,5.181307265334455
2022-08-02,5.184000015258789,5.1713987083317114
2022-08-03,5.277699947357178,5.18781189026796
2022-08-04,5.282700061798096,5.260289148417347
2022-08-05,5.211100101470947,5.294199513659404
2022-08-06,5.211100101470947,5.219765223096119
2022-08-07,5.211100101470947,5.225850508047998
2022-08-08,5.164599895477295,5.236462020703036
2022-08-09,5.110099792480469,5.187970499986376
2022-08-10,5.123700141906738,5.16770402746844
2022-08-11,5.093699932098389,5.189460121732396
2022-08-12,5.1570000648498535,5.160293887315683
2022-08-13,5.1570000648498535,5.180191334002027
2022-08-14,5.1570000648498535,5.183745891080632
2022-08-15,5.074900150299072,5.183302600940134
2022-08-16,5.095600128173828,5.165416864976133
2022-08-17,5.1417388916015625,5.167744090576197
2022-08-18,5.164999961853027,5.210713683480505
2022-08-19,5.166999816894531,5.209307490959215
2022-08-20,5.166999816894531,5.203457155323189
2022-08-21,5.166999816894531,5.202635720151054
2022-08-22,5.168399810791016,5.205414612473622
2022-08-23,5.156099796295166,5.2084390320437794
2022-08-24,5.103499889373779,5.201650072395266
2022-08-25,5.110099792480469,5.163107560943242
2022-08-26,5.108699798583984,5.163274291719753
2022-08-27,5.108699798583984,5.172870593135089
2022-08-28,5.108699798583984,5.171758435106847
2022-08-29,5.0625,5.1702074094479205
2022-08-30,5.027200222015381,5.168330331531437
2022-08-31,5.1219000816345215,5.13806464462679
2022-09-01,5.181700229644775,5.198605682069721
2022-09-02,5.2403998374938965,5.2059912837764735
2022-09-03,5.2403998374938965,5.233701495540939
2022-09-04,5.2403998374938965,5.240190436832589
2022-09-05,5.171000003814697,5.226719207203099
2022-09-06,5.153900146484375,5.1927793819360595
2022-09-07,5.247200012207031,5.17918062436931
2022-09-08,5.246699810028076,5.233436545763023
2022-09-09,5.2133002281188965,5.23232935275096
2022-09-10,5.2133002281188965,5.195662439452903
2022-09-11,5.2133002281188965,5.201508784374996
2022-09-12,5.146299839019775,5.214663433031892
2022-09-13,5.0920000076293945,5.180020678369887
2022-09-14,5.189799785614014,5.1482419503875
2022-09-15,5.162700176239014,5.206173705039535
2022-09-16,5.246099948883057,5.194123431987988
2022-09-17,5.246099948883057,5.228762067018516
2022-09-18,5.246099948883057,5.234434298481038
2022-09-19,5.250699996948242,5.2204715626079246
2022-09-20,5.170899868011475,5.222928315304331
2022-09-21,5.141499996185303,5.182645894475593
2022-09-22,5.170400142669678,5.175540511054146
2022-09-23,5.115499973297119,5.1869284162889056
2022-09-24,5.115499973297119,5.16280008509103
2022-09-25,5.115499973297119,5.158728955853863
2022-09-26,5.258800029754639,5.1693084429462965
2022-09-27,5.389400005340576,5.2733324000541595
2022-09-28,5.378099918365479,5.3593484329495595
2022-09-29,5.374199867248535,5.348352000776385
2022-09-30,5.396200180053711,5.36152818046815
2022-10-01,5.396200180053711,5.405425150302094
2022-10-02,5.396200180053711,5.407823296304527
2022-10-03,5.414299964904785,5.404236130880162
2022-10-04,5.16349983215332,5.3729796965600505
2022-10-05,5.17579984664917,5.1866557879620325
2022-10-06,5.195199966430664,5.1813149878807385
2022-10-07,5.220099925994873,5.216959224903572
2022-10-08,5.220099925994873,5.220023793536972
2022-10-09,5.220099925994873,5.221124032914039
2022-10-10,5.198400020599365,5.218499348232097
2022-10-11,5.186800003051758,5.199514653487508
2022-10-12,5.292099952697754,5.211451605527598
2022-10-13,5.291500091552734,5.278520504309731
2022-10-14,5.259799957275391,5.276898823792072
2022-10-15,5.259799957275391,5.266598455323614
2022-10-16,5.259799957275391,5.272155828473713
2022-10-17,5.327400207519531,5.273089372468014
2022-10-18,5.277359008789063,5.299855853365941
2022-10-19,5.239799976348877,5.271264911460827
2022-10-20,5.269199848175049,5.237426504234668
2022-10-21,5.216599941253662,5.276671379081305
2022-10-22,5.216599941253662,5.2055896184430575
2022-10-23,5.216599941253662,5.197327004282997
2022-10-24,5.163400173187256,5.210546566548788
2022-10-25,5.30620002746582,5.191446605445529
2022-10-26,5.315199851989746,5.283904699289562
2022-10-27,5.383900165557861,5.303475424477823
2022-10-28,5.339200019836426,5.3689604197782295
2022-10-29,5.339200019836426,5.333104734879694
2022-10-30,5.339200019836426,5.320980951801676
2022-10-31,5.28849983215332,5.328016141187677
2022-11-01,5.178800106048584,5.286030020214606
2022-11-02,5.142399787902832,5.1867011253678745
2022-11-03,5.142600059509277,5.158122601206769
2022-11-04,5.1149001121521,5.159703290410421
2022-11-05,5.1149001121521,5.135001091995843
2022-11-06,5.1149001121521,5.132243040513577
2022-11-07,5.078132152557373,5.122750430605832
2022-11-08,5.153326988220215,5.0926031936291
2022-11-09,5.14300012588501,5.14188306210549
2022-11-10,5.185200214385986,5.164942438650362
2022-11-11,5.341579914093018,5.2021346221318145
2022-11-12,5.341579914093018,5.284047708990942
2022-11-13,5.341579914093018,5.307027947077499
2022-11-14,5.279058933258057,5.302563855113113
2022-11-15,5.331200122833252,5.2982405621617765
2022-11-16,5.331699848175049,5.315422848070741
2022-11-17,5.39900016784668,5.337947447338104
2022-11-18,5.422100067138672,5.396354243920011
2022-11-19,5.422100067138672,5.390866703207159
2022-11-20,5.422100067138672,5.393824124648966
2022-11-21,5.38129997253418,5.405841944085917
2022-11-22,5.318600177764893,5.394680286027828
2022-11-23,5.357699871063232,5.3360693866149
2022-11-24,5.35830020904541,5.343580238094795
2022-11-25,5.320000171661377,5.349637891146636
2022-11-26,5.320000171661377,5.315550792199202
2022-11-27,5.320000171661377,5.322738411763757
2022-11-28,5.4085001945495605,5.345154855140397
2022-11-29,5.364699840545654,5.393836278678469
2022-11-30,5.268199920654297,5.322765949576542
2022-12-01,5.181589126586914,5.244326926116384
2022-12-02,5.183599948883057,5.182299867125783
2022-12-03,5.183599948883057,5.191151035249103
2022-12-04,5.183599948883057,5.206527679831834
2022-12-05,5.2179999351501465,5.192351438739464
2022-12-06,5.28000020980835,5.221385326495588
2022-12-07,5.234000205993652,5.25516460377888
2022-12-08,5.203999996185303,5.235175927896306
2022-12-09,5.224299907684326,5.197526266118929
2022-12-10,5.224299907684326,5.229454123335778
2022-12-11,5.224299907684326,5.2254830366963185
2022-12-12,5.235000133514404,5.231888978008209
2022-12-13,5.321300029754639,5.247044839439571
2022-12-14,5.292799949645996,5.304238735145474
2022-12-15,5.277200222015381,5.2932575695532424
2022-12-16,5.311800003051758,5.285005160321536
2022-12-17,5.311800003051758,5.317181973426551
2022-12-18,5.311800003051758,5.3174464849759895
2022-12-19,5.306509017944336,5.308385347920842
2022-12-20,5.291600227355957,5.303854232250993
2022-12-21,5.198400020599365,5.2935281518004675
2022-12-22,5.199900150299072,5.198759727606736
2022-12-23,5.165599822998047,5.190309514321996
2022-12-24,5.165599822998047,5.170365233778147
2022-12-25,5.165599822998047,5.155047982809599
2022-12-26,5.164299964904785,5.155302515363163
2022-12-27,5.21750020980835,5.169852166326058
2022-12-28,5.292300224304199,5.224532304214172
2022-12-29,5.2667999267578125,5.266077030178985
2022-12-30,5.284599781036377,5.258475628428973
2022-12-31,5.284599781036377,5.284198160502287
2023-01-01,5.284599781036377,5.2843381344345515
2023-01-02,5.2855000495910645,5.275050336755035
2023-01-03,5.360130786895752,5.304722309064317
2023-01-04,5.478499889373779,5.326609249345528
2023-01-05,5.430099964141846,5.410685970829511
2023-01-06,5.349800109863281,5.386236127889932
2023-01-07,5.349800109863281,5.345675639258923
2023-01-08,5.349800109863281,5.333291774815604
2023-01-09,5.224400043487549,5.313872695443485
2023-01-10,5.253699779510498,5.216391256647245
2023-01-11,5.198299884796143,5.251148130132519
2023-01-12,5.1585001945495605,5.214031055415218
2023-01-13,5.107699871063232,5.157334055029713
2023-01-14,5.107699871063232,5.133674037753185
2023-01-15,5.107699871063232,5.127329868368045
2023-01-16,5.080699920654297,5.113144709459309
2023-01-17,5.145999908447266,5.079776858950758
2023-01-18,5.099599838256836,5.128026354409425
2023-01-19,5.185299873352051,5.110231122561689
2023-01-20,5.172999858856201,5.17832447943047
2023-01-21,5.172999858856201,5.16780122970496
2023-01-22,5.172999858856201,5.168257429356234
2023-01-23,5.206299781799316,5.166347023242243
2023-01-24,5.205900192260742,5.190010607801452
2023-01-25,5.138400077819824,5.188477551376661
2023-01-26,5.072199821472168,5.155542202855239
2023-01-27,5.062745094299316,5.101242579442811
2023-01-28,5.062745094299316,5.090007337330779
2023-01-29,5.062745094299316,5.083699333276583
2023-01-30,5.107200145721436,5.086078460425089
2023-01-31,5.1149001121521,5.106299558238714
2023-02-01,5.072199821472168,5.110723972409391
2023-02-02,5.053500175476074,5.110107577154978
2023-02-03,5.049200057983398,5.1074530585951035
2023-02-04,5.049200057983398,5.115729124844857
2023-02-05,5.049200057983398,5.108399945575371
2023-02-06,5.149799823760986,5.116291301795515
2023-02-07,5.145699977874756,5.151845903390896
2023-02-08,5.2093000411987305,5.157481170543706
2023-02-09,5.19950008392334,5.192649761280948
2023-02-10,5.289500236511231,5.210396832118563
2023-02-11,5.289500236511231,5.259543500322179
2023-02-12,5.289500236511231,5.28904793941123
2023-02-13,5.213482856750488,5.279468109900209
2023-02-14,5.158400058746338,5.198494216395226
2023-02-15,5.191500186920166,5.168343590530979
2023-02-16,5.2179999351501465,5.201368050768087
2023-02-17,5.216800212860107,5.214635576187468
2023-02-18,5.216800212860107,5.207482451898049
2023-02-19,5.216800212860107,5.190111126403861
2023-02-20,5.165168762207031,5.190395251884521
2023-02-21,5.1666998863220215,5.179234511766357
2023-02-22,5.166500091552734,5.1662433214361885
2023-02-23,5.151199817657471,5.161437592561145
2023-02-24,5.136199951171875,5.167949665120729
2023-02-25,5.136199951171875,5.159503071825547
2023-02-26,5.136199951171875,5.16064224173592
2023-02-27,5.207799911499023,5.1620422542967335
2023-02-28,5.199699878692627,5.191888134774052
2023-03-01,5.235899925231934,5.191222154790378
2023-03-02,5.178299903869629,5.220381912219275
2023-03-03,5.1996002197265625,5.206775932712414
2023-03-04,5.1996002197265625,5.212489417891372
2023-03-05,5.1996002197265625,5.217517645194089
2023-03-06,5.194399833679199,5.19779548273768
2023-03-07,5.152200222015381,5.195796598902419
2023-03-08,5.190000057220459,5.178257701421589
2023-03-09,5.144400119781494,5.1969505835110095
2023-03-10,5.163700103759766,5.184048441408464
2023-03-11,5.163700103759766,5.1850276585762956
2023-03-12,5.163700103759766,5.185875450288064
2023-03-13,5.21560001373291,5.18700767680973
2023-03-14,5.245699882507324,5.215332199875414
2023-03-15,5.251699924468994,5.245874075197808
2023-03-16,5.287099838256836,5.248850534906078
2023-03-17,5.229599952697754,5.280530174403368
2023-03-18,5.229599952697754,5.241181830823318
2023-03-19,5.229599952697754,5.2385279740784725
2023-03-20,5.2778000831604,5.259103921277693
2023-03-21,5.235700130462647,5.278938624845329
2023-03-22,5.240900039672852,5.25438203737773
2023-03-23,5.236100196838379,5.248138362516721
2023-03-24,5.29670000076294,5.268842804370287
2023-03-25,5.29670000076294,5.315497067087475
2023-03-26,5.29670000076294,5.30855089523854
2023-03-27,5.245100021362305,5.299091537958287
2023-03-28,5.197100162506104,5.25148603564104
2023-03-29,5.164400100708008,5.210335111431052
2023-03-30,5.134200096130371,5.189926954993476
2023-03-31,5.092700004577637,5.201513163968424
2023-04-01,5.092700004577637,5.149374418110552
2023-04-02,5.092700004577637,5.111085187447428
2023-04-03,5.062300205230713,5.09560888068411
2023-04-04,5.06309986114502,5.088540660848718
2023-04-05,5.070700168609619,5.075734966446315
2023-04-06,5.033199787139893,5.0652050058695615
2023-04-07,5.058300018310547,5.052233762059967
2023-04-08,5.058300018310547,5.058852347949462
2023-04-09,5.058300018310547,5.0645867874873165
2023-04-10,5.054399967193604,5.059554353430319
2023-04-11,5.065299987792969,5.059513786056074
2023-04-12,5.004000186920166,5.061044127511513
2023-04-13,4.916900157928467,5.014099769471968
2023-04-14,4.926700115203857,4.934847871911989
2023-04-15,4.926700115203857,4.932389678526117
2023-04-16,4.926700115203857,4.917192933496786
2023-04-17,4.908699989318848,4.914357517942542
2023-04-18,4.939799785614014,4.915217199476635
2023-04-19,4.984300136566162,4.9219174646782395
2023-04-20,5.074299812316895,5.008276719191688
2023-04-21,5.047699928283691,5.0490706776627166
2023-04-22,5.047699928283691,5.047122762230508
2023-04-23,5.047699928283691,5.058926123793888
2023-04-24,5.047900199890137,5.066749087017655
2023-04-25,5.033400058746338,5.056496187145794
2023-04-26,5.053100109100342,5.054197982225184
2023-04-27,5.043000221252441,5.067269573090981
2023-04-28,4.976200103759766,5.038547201046385
2023-04-29,4.976200103759766,5.002749142218656
2023-04-30,4.976200103759766,5.0084506847699295
2023-05-01,4.986000061035156,5.001648896493712
2023-05-02,4.9878997802734375,5.035814602118493
2023-05-03,5.038400173187256,5.02929516200082
2023-05-04,4.994400024414063,5.043953031583313
2023-05-05,4.982600212097168,5.043462962733247
2023-05-06,4.982600212097168,5.041041975464208
2023-05-07,4.982600212097168,5.050095821272764
2023-05-08,4.951700210571289,5.047824906004135
2023-05-09,5.007999897003174,4.949629240890121
2023-05-10,4.985899925231934,5.061674347832824
2023-05-11,4.94290018081665,5.053927296305032
2023-05-12,4.929500102996826,4.947305437479674
2023-05-13,4.929500102996826,4.943665991337141
2023-05-14,4.929500102996826,4.921669387629949
2023-05-15,4.920199871063232,4.928819732086442
2023-05-16,4.887899875640869,4.94056150677289
2023-05-17,4.93940019607544,4.93757286816002
2023-05-18,4.937699794769287,4.932633513000055
2023-05-19,4.964399814605713,4.936450518953534
2023-05-20,4.964399814605713,4.926970536226622
2023-05-21,4.964399814605713,4.948589455222376
2023-05-22,4.996799945831299,4.957714128169571
2023-05-23,4.966100215911865,5.043955138982172
2023-05-24,4.971199989318848,4.949070589025836
2023-05-25,4.958600044250488,4.997695710892061
2023-05-26,5.035200119018555,4.947738008356602
2023-05-27,5.035200119018555,5.057081412555911
2023-05-28,5.035200119018555,5.059610604525903
2023-05-29,4.992800235748291,5.066664678531031
2023-05-30,5.018099784851074,5.06987695558196
2023-05-31,5.034800052642822,5.0695622078768565
2023-06-01,5.054800033569336,5.082865124403348
2023-06-02,5.0131001472473145,5.0523411701714185
2023-06-03,5.0131001472473145,5.031426042127342
2023-06-04,5.0131001472473145,5.032754920758549
2023-06-05,4.956600189208984,5.029671634672912
2023-06-06,4.925600051879883,4.979854906920022
2023-06-07,4.912000179290772,4.954888755595611
2023-06-08,4.922399997711182,4.94629816428614
2023-06-09,4.922100067138672,4.946512748415804
2023-06-10,4.922100067138672,4.947598574452622
2023-06-11,4.922100067138672,4.943872250921886
2023-06-12,4.877900123596191,4.932069352520472
2023-06-13,4.860599994659424,4.931149198386384
2023-06-14,4.861000061035156,4.926094676811605
2023-06-15,4.815000057220459,4.922772535551005
2023-06-16,4.809199810028076,4.831205714327083
2023-06-17,4.809199810028076,4.829912386447019
2023-06-18,4.809199810028076,4.832439184987223
2023-06-19,4.807000160217285,4.828575233434256
2023-06-20,4.776899814605713,4.830514201614967
2023-06-21,4.789299964904785,4.80903013252377
2023-06-22,4.76230001449585,4.826339543802451
2023-06-23,4.7697367668151855,4.792877130939359
2023-06-24,4.7697367668151855,4.792733570185197
2023-06-25,4.7697367668151855,4.794816682392098
2023-06-26,4.7855000495910645,4.785228978322161
2023-06-27,4.767300128936768,4.831669964917794
2023-06-28,4.810500144958496,4.798588490115342
2023-06-29,4.850500106811523,4.836189591176836
2023-06-30,4.855599880218506,4.900508231958782
2023-07-01,4.855599880218506,4.929589670379314
2023-07-02,4.855599880218506,4.949724308378455
2023-07-03,4.784200191497803,4.941859401323593
2023-07-04,4.80649995803833,4.840204401355394
2023-07-05,4.839900016784668,4.840344314767576
2023-07-06,4.8471999168396,4.905217297540469
2023-07-07,4.918700218200684,4.905496213951661
2023-07-08,4.918700218200684,4.953964593890866
2023-07-09,4.918700218200684,4.952898823853745
2023-07-10,4.8709001541137695,4.948545826165127
2023-07-11,4.898200035095215,4.940796593035559
2023-07-12,4.851500034332275,4.946124899108344
2023-07-13,4.81689977645874,4.911289195288478
2023-07-14,4.7947998046875,4.848865893357426
2023-07-15,4.7947998046875,4.839533555659182
2023-07-16,4.7947998046875,4.826536732316348
2023-07-17,4.788099765777588,4.823143890195344
2023-07-18,4.805799961090088,4.821618577998685
2023-07-19,4.809299945831299,4.821636308822812
2023-07-20,4.789899826049805,4.819404579461593
2023-07-21,4.796899795532227,4.811791806257886
2023-07-22,4.796899795532227,4.814433883828339
2023-07-23,4.796899795532227,4.812567374555437
2023-07-24,4.777400016784668,4.817202246281338
2023-07-25,4.725500106811523,4.80980360706579
2023-07-26,4.748899936676025,4.769251522069769
2023-07-27,4.736199855804443,4.755000489623925
2023-07-28,4.741600036621094,4.757727988392977
2023-07-29,4.741600036621094,4.74763788357262
2023-07-30,4.741600036621094,4.752589229163475
2023-07-31,4.723299980163574,4.7506506933615595
2023-08-01,4.724699974060059,4.7256654026658085
2023-08-02,4.791999816894531,4.743840575897997
2023-08-03,4.810400009155273,4.817627507372109
2023-08-04,4.916399955749512,4.840694208883403
2023-08-05,4.916399955749512,4.946973348349687
2023-08-06,4.916399955749512,4.944622538817457
2023-08-07,4.88539981842041,4.935477728468662
2023-08-08,4.89900016784668,4.931000049828994
2023-08-09,4.898600101470947,4.934644069422167
2023-08-10,4.901700019836426,4.93050367440663
2023-08-11,4.891499996185303,4.935496110603021
2023-08-12,4.891499996185303,4.937381193333637
2023-08-13,4.891499996185303,4.939308956254751
2023-08-14,4.910999774932861,4.946531083480206
2023-08-15,4.962100028991699,4.949293057236487
2023-08-16,4.983200073242188,4.988204448364037
2023-08-17,4.9868998527526855,5.031466275093942
2023-08-18,4.975500106811523,5.029878648553361
2023-08-19,4.975500106811523,5.018327282813827
2023-08-20,4.975500106811523,5.02352567240238
2023-08-21,4.966899871826172,5.021929422540142
2023-08-22,4.978700160980225,4.991183530777595
2023-08-23,4.937099933624268,5.0205046692064865
2023-08-24,4.855100154876709,4.988861091028526
2023-08-25,4.880300045013428,4.959891865741643
2023-08-26,4.880300045013428,4.951842269722115
2023-08-27,4.880300045013428,4.9478172451151945
2023-08-28,4.870399951934815,4.941992112239638
2023-08-29,4.872600078582764,4.940645583559955
2023-08-30,4.85129976272583,4.940469205808078
2023-08-31,4.888400077819824,4.903443550129903
2023-09-01,4.953800201416016,4.9456752686518906
2023-09-02,4.953800201416016,4.96587447372825
2023-09-03,4.953800201416016,4.978188293604326
2023-09-04,4.97629976272583,4.986170654196706
2023-09-05,4.936200141906738,5.018815144019518
2023-09-06,4.966700077056885,4.981000759376984
2023-09-07,4.977000236511231,4.991581292005579
2023-09-08,4.976099967956543,5.021640313197335
2023-09-09,4.976099967956543,5.015710449056385
2023-09-10,4.976099967956543,5.016192595327583
2023-09-11,4.982999801635742,5.017023896870716
2023-09-12,4.929399967193604,5.026916197379442
2023-09-13,4.946599960327148,4.972694854715551
2023-09-14,4.91540002822876,4.996144505276775
2023-09-15,4.868199825286865,4.958163064317469
2023-09-16,4.868199825286865,4.947003659902259
2023-09-17,4.868199825286865,4.94767766654061
2023-09-18,4.867000102996826,4.942150411381456
2023-09-19,4.853700160980225,4.9410330593293
2023-09-20,4.865799903869629,4.941267631491838
2023-09-21,4.878799915313721,4.947966222794033
2023-09-22,4.934899806976318,4.955634978220369
2023-09-23,4.934899806976318,4.966948881867144
2023-09-24,4.934899806976318,4.96791635298437
2023-09-25,4.933899879455566,4.975590270685506
2023-09-26,4.968299865722656,4.97332748443199
2023-09-27,4.986199855804443,4.9951374580347965
2023-09-28,5.042200088500977,5.0329833856691035
2023-09-29,5.032800197601318,5.058444942425652
2023-09-30,5.032800197601318,5.0457608966741505
2023-10-01,5.032800197601318,5.049500305424157
2023-10-02,5.042799949645996,5.062988088630616
2023-10-03,5.061500072479248,5.084450116962794
2023-10-04,5.166299819946289,5.097855257478331
2023-10-05,5.154600143432617,5.16404380267086
2023-10-06,5.164999961853027,5.175002776348514
2023-10-07,5.164999961853027,5.168449193550264
2023-10-08,5.164999961853027,5.177520867880228
2023-10-09,5.145699977874756,5.175331395398248
2023-10-10,5.135200023651123,5.163226820666379
2023-10-11,5.051000118255615,5.161101989367418
2023-10-12,5.049600124359131,5.108294212306183
2023-10-13,5.045899868011475,5.081739026346133
2023-10-14,5.045899868011475,5.069225728246352
2023-10-15,5.045899868011475,5.061296136790174
2023-10-16,5.048200130462647,5.067351626455279
2023-10-17,5.037600040435791,5.064009746249031
2023-10-18,5.037399768829346,5.069664146974835
2023-10-19,5.056099891662598,5.0656242250461725
2023-10-20,5.062900066375732,5.060511129460813
2023-10-21,5.062900066375732,5.060011777640779
2023-10-22,5.062900066375732,5.06166754814375
2023-10-23,5.031300067901611,5.058885789066592
2023-10-24,5.01230001449585,5.063625889072813
2023-10-25,4.991000175476074,5.054315940495917
2023-10-26,4.994699954986572,5.037507138130883
2023-10-27,4.985300064086914,5.027915885530439
2023-10-28,4.985300064086914,5.026993138900014
2023-10-29,4.985300064086914,5.036683206915803
2023-10-30,4.952030181884766,5.023100340512239
2023-10-31,5.04610013961792,5.007389402440495
2023-11-01,5.03410005569458,5.054640375232531
2023-11-02,4.953700065612793,5.049976114419587
2023-11-03,4.952899932861328,4.9987784848248715
2023-11-04,4.952899932861328,4.9960974560554385
2023-11-05,4.952899932861328,4.994511336632613
2023-11-06,4.899199962615967,4.984760307294385
2023-11-07,4.884099960327148,4.963911144839302
2023-11-08,4.871500015258789,4.957466995829584
2023-11-09,4.909299850463867,4.9502529941561
2023-11-10,4.933899879455566,4.9476845411254144
2023-11-11,4.933899879455566,4.962799852392653
2023-11-12,4.933899879455566,4.96579924725681
2023-11-13,4.893379211425781,4.96370320796719
2023-11-14,4.906199932098389,4.953064644498054
2023-11-15,4.864500045776367,4.947083853427271
2023-11-16,4.860899925231934,4.939933208506062
2023-11-17,4.862199783325195,4.927251988130575
2023-11-18,4.862199783325195,4.927459641615406
2023-11-19,4.862199783325195,4.928877600630976
2023-11-20,4.819177150726318,4.927608217037609
2023-11-21,4.851799964904785,4.834900985941075
2023-11-22,4.8993000984191895,4.904732450398918
2023-11-23,4.9054999351501465,4.934846928406158
2023-11-24,4.902500152587891,4.937573181357833
2023-11-25,4.902500152587891,4.93502104110837
2023-11-26,4.902500152587891,4.937754814573642
2023-11-27,4.900899887084961,4.935891920806124
2023-11-28,4.895500183105469,4.932631375157554
2023-11-29,4.869800090789795,4.928598607784303
2023-11-30,4.904099941253662,4.924308171148423
2023-12-01,4.923099994659424,4.927550499171828
2023-12-02,4.923099994659424,4.927166950023722
2023-12-03,4.923099994659424,4.928533505895978
2023-12-04,4.902159214019775,4.932402643471213
2023-12-05,4.9430999755859375,4.942791270937299
2023-12-06,4.927700042724609,4.959752822195833
2023-12-07,4.901199817657471,4.944120794275414
2023-12-08,4.910099983215332,4.9347028286130366
2023-12-09,4.910099983215332,4.935590121197663
2023-12-10,4.910099983215332,4.929644469350278
2023-12-11,4.893286228179932,4.9339435112023216
2023-12-12,4.936699867248535,4.938517719833478
2023-12-13,4.964499950408936,4.964103122324023
2023-12-14,4.918399810791016,4.984535684273432
2023-12-15,4.914599895477295,4.955478161434305
2023-12-16,4.914599895477295,4.955413964789505
2023-12-17,4.914599895477295,4.945373376386596
2023-12-18,4.919657230377197,4.936014282164894
2023-12-19,4.895899772644043,4.930393226918324
2023-12-20,4.866499900817871,4.927168357708538
2023-12-21,4.914599895477295,4.939912891558097
2023-12-22,4.881800174713135,4.951696093698861
2023-12-23,4.881800174713135,4.943085530528382
2023-12-24,4.881800174713135,4.943356747287554
2023-12-25,4.86984395980835,4.954202141414123
2023-12-26,4.869743824005127,4.941925752007744
2023-12-27,4.813499927520752,4.946641395924005
2023-12-28,4.826099872589111,4.838284116430949
2023-12-29,4.850200176239014,4.834527050283227
2023-12-30,4.850200176239014,4.898329902908975
2023-12-31,4.850200176239014,4.896776980574003
2024-01-01,4.850500106811523,4.894245320990612
2024-01-02,4.852399826049805,4.896524070372421
2024-01-03,4.922500133514404,4.908546065126716
2024-01-04,4.9191999435424805,4.940538880115536
2024-01-05,4.895599842071533,4.954222622926662
2024-01-06,4.895599842071533,4.95663619135826
2024-01-07,4.895599842071533,4.952080783751157
2024-01-08,4.8606672286987305,4.9487828975973525
2024-01-09,4.86899995803833,4.933096609665422
2024-01-10,4.905099868774414,4.9286195240492665
2024-01-11,4.89139986038208,4.934978351540794
2024-01-12,4.869699954986572,4.945648572154906
2024-01-13,4.869699954986572,4.93966116308313
2024-01-14,4.869699954986572,4.9416137752814935
2024-01-15,4.85290002822876,4.941792713910438
2024-01-16,4.862199783325195,4.938743734151191
2024-01-17,4.924900054931641,4.926755199275983
2024-01-18,4.934000015258789,4.939716789078674
2024-01-19,4.92609977722168,4.942047214694264
2024-01-20,4.92609977722168,4.934387666792592
2024-01-21,4.92609977722168,4.942761441838805
2024-01-22,4.904642105102539,4.953022235789
2024-01-23,4.98829984664917,4.960475542042198
2024-01-24,4.952199935913086,4.998743223994102
2024-01-25,4.932499885559082,4.969636410349587
2024-01-26,4.915800094604492,4.950947618086364
2024-01-27,4.915800094604492,4.941552321479137
2024-01-28,4.915800094604492,4.943084301900983
2024-01-29,4.913599967956543,4.936553597586569
2024-01-30,4.950200080871582,4.937575932562654
2024-01-31,4.950300216674805,4.974320817542601
2024-02-01,4.951900005340576,4.97577050364761
2024-02-02,4.914999961853027,4.9609209101902705
2024-02-03,4.914999961853027,4.931904341666695
2024-02-04,4.914999961853027,4.936988868801763
2024-02-05,4.932938098907471,4.935763931339915
2024-02-06,4.949943065643311,4.940795307996479
2024-02-07,4.962299823760986,4.960571256710565
2024-02-08,4.969299793243408,4.961638268824646
2024-02-09,4.991899967193604,4.982982951990187
2024-02-10,4.991899967193604,4.995147103425634
2024-02-11,4.991899967193604,4.9965261759088415
2024-02-12,4.953100204467773,5.008283385115885
2024-02-13,4.952199935913086,4.973605145138074
2024-02-14,4.952000141143799,4.9627977921352455
2024-02-15,4.968299865722656,4.965812588604544
2024-02-16,4.972400188446045,4.971525527240138
2024-02-17,4.972400188446045,4.9938740293450685
2024-02-18,4.972400188446045,4.999995650660055
2024-02-19,4.965099811553955,5.008417091032647
2024-02-20,4.956399917602539,4.968115758983714
2024-02-21,4.926400184631348,4.96327186358916
2024-02-22,4.934899806976318,4.9485360663088
2024-02-23,4.962399959564209,4.946075264180128
2024-02-24,4.962399959564209,4.959007755249113
2024-02-25,4.962399959564209,4.967975771661286
2024-02-26,4.993500232696533,4.967127650211595
2024-02-27,4.978899955749512,5.002655753005962
2024-02-28,4.932400226593018,4.995944491374734
2024-02-29,4.967299938201904,4.9404598786147575
2024-03-01,4.969799995422363,4.967728640365307
2024-03-02,4.969799995422363,4.988346071678192
2024-03-03,4.969799995422363,4.987560558738932
2024-03-04,4.952700138092041,4.990233947496287
2024-03-05,4.944900035858154,4.973713126400281
2024-03-06,4.957099914550781,4.975544567555483
2024-03-07,4.943600177764893,4.976272957569665
2024-03-08,4.933800220489502,4.965897522015403
2024-03-09,4.933800220489502,4.949392657323877
2024-03-10,4.933800220489502,4.9479949475515115
2024-03-11,4.977540016174316,4.944800945072721
2024-03-12,4.977399826049805,4.987703318033416
2024-03-13,4.968699932098389,4.992703642141733
2024-03-14,4.969200134277344,5.00150436289371
2024-03-15,4.992700099945068,4.988002859454314
2024-03-16,4.992700099945068,4.998279085348446
2024-03-17,4.992700099945068,5.001594308450299
2024-03-18,4.968047142028809,5.011330603646411
2024-03-19,5.029399871826172,4.983011083810789
2024-03-20,5.03000020980835,5.040505764712428
2024-03-21,4.96619987487793,5.034435813600063
2024-03-22,4.974500179290772,4.993911025519415
2024-03-23,4.974500179290772,5.017870664505242
2024-03-24,4.974500179290772,5.017974411455649
2024-03-25,5.000899791717529,5.0031747620445985
2024-03-26,4.9721999168396,5.0095200657203005
2024-03-27,4.9756999015808105,4.999409461918349
2024-03-28,4.990300178527832,4.9984418800979515
2024-03-29,5.014100074768066,5.0032526066369165
2024-03-30,5.014100074768066,5.0192265614813865
2024-03-31,5.014100074768066,5.021189225706653
2024-04-01,5.013199806213379,5.0138020865808395
2024-04-02,5.053599834442139,5.0177675686176695
2024-04-03,5.06440019607544,5.035059359433395
2024-04-04,5.038599967956543,5.046472200660285
2024-04-05,5.057400226593018,5.040115902409846
2024-04-06,5.057400226593018,5.057040088984551
2024-04-07,5.057400226593018,5.07036545167833
2024-04-08,5.054900169372559,5.069538183190776
2024-04-09,5.023900032043457,5.068326532138067
2024-04-10,5.007599830627441,5.0357464809464165
2024-04-11,5.066199779510498,5.034231739480916
2024-04-12,5.090400218963623,5.061897952194151
2024-04-13,5.090400218963623,5.079691378496989
2024-04-14,5.090400218963623,5.0806176507583825
2024-04-15,5.117099761962891,5.0862840351168686
2024-04-16,5.183700084686279,5.109562535307535
2024-04-17,5.2855000495910645,5.192920897687349
2024-04-18,5.232600212097168,5.256990756796509
2024-04-19,5.241700172424316,5.229261521368753
2024-04-20,5.241700172424316,5.22369253486357
2024-04-21,5.241700172424316,5.243692243836337
2024-04-22,5.206200122833252,5.229172931126047
2024-04-23,5.1656999588012695,5.1978391409478695
2024-04-24,5.130499839782715,5.161863099900248
2024-04-25,5.145500183105469,5.131529985167474
2024-04-26,5.158599853515625,5.147714847398831
2024-04-27,5.158599853515625,5.145684773382393
2024-04-28,5.158599853515625,5.145496879238237
2024-04-29,5.115499973297119,5.150865299939065
2024-04-30,5.117000102996826,5.127079302858576
2024-05-01,5.193900108337402,5.127113949299804
2024-05-02,5.194399833679199,5.189285656244009
2024-05-03,5.110300064086914,5.1891696334511055
2024-05-04,5.110300064086914,5.1122499744938885
2024-05-05,5.110300064086914,5.111082224423157
2024-05-06,5.070899963378906,5.1074401903165265
2024-05-07,5.074900150299072,5.072503650859292
2024-05-08,5.073299884796143,5.075475952011249
2024-05-09,5.087900161743164,5.07136292670534
2024-05-10,5.1407999992370605,5.093581914585167
2024-05-11,5.1407999992370605,5.125766249378745
2024-05-12,5.1407999992370605,5.1272472296844285
2024-05-13,5.123260021209717,5.1351508589699515
2024-05-14,5.154200077056885,5.135694459415146
2024-05-15,5.127799987792969,5.1450046988186475
2024-05-16,5.133600234985352,5.128084099766673
2024-05-17,5.128600120544434,5.12449551767779
2024-05-18,5.128600120544434,5.135546605218
2024-05-19,5.128600120544434,5.130804598406893
2024-05-20,5.102000236511231,5.140120820584324
2024-05-21,5.103099822998047,5.103864815493407
2024-05-22,5.1219000816345215,5.104672161090338
2024-05-23,5.151100158691406,5.134498512949038
2024-05-24,5.143099784851074,5.150799997213461
2024-05-25,5.143099784851074,5.143943337210578
2024-05-26,5.143099784851074,5.137228863110184
2024-05-27,5.1697998046875,5.1402157839721125
2024-05-28,5.17170000076294,5.153242926166222
2024-05-29,5.161300182342529,5.15333455038401
2024-05-30,5.202099800109863,5.160524609593455
2024-05-31,5.202099800109863,5.193029884961367
2024-06-01,5.202099800109863,5.201490666539965
2024-06-02,5.202099800109863,5.190663079398688
2024-06-03,5.244400024414063,5.192928604145094
2024-06-04,5.249000072479248,5.2334744214340505
2024-06-05,5.287700176239014,5.2430712533311175
2024-06-06,5.3003997802734375,5.276943902692849
2024-06-07,5.2571001052856445,5.301616785417559
2024-06-08,5.2571001052856445,5.279986903196836
2024-06-09,5.2571001052856445,5.278398936836707
2024-06-10,5.270441055297852,5.284737039015089
2024-06-11,5.352799892425537,5.283917227068474
2024-06-12,5.3649001121521,5.324163032474617
2024-06-13,5.401000022888184,5.334457781603087
2024-06-14,5.361599922180176,5.368780130616497
2024-06-15,5.361599922180176,5.343075943835957
2024-06-16,5.361599922180176,5.342783227100943
2024-06-17,5.357200145721436,5.3452878181777335
2024-06-18,5.423999786376953,5.341603691192736
2024-06-19,5.439899921417236,5.392255556026113
2024-06-20,5.422399997711182,5.4016854049514285
2024-06-21,5.452400207519531,5.401130573391091
2024-06-22,5.452400207519531,5.43891526892254
2024-06-23,5.452400207519531,5.437577010894478
2024-06-24,5.426126003265381,5.442388497964241
2024-06-25,5.3892998695373535,5.421515420503066
2024-06-26,5.450699806213379,5.418371373771508
2024-06-27,5.522500038146973,5.424499458614215
2024-06-28,5.500500202178955,5.463172948845656
2024-06-29,5.500500202178955,5.465641133054953
2024-06-30,5.500500202178955,5.473233481739515
2024-07-01,5.591899871826172,5.500793146756226
2024-07-02,5.65500020980835,5.557978726784817
2024-07-03,5.67549991607666,5.590623641962574
2024-07-04,5.555399894714356,5.614577452293275
2024-07-05,5.486400127410889,5.551589088309996
2024-07-06,5.486400127410889,5.507935301560376
2024-07-07,5.486400127410889,5.478476772830341
2024-07-08,5.471290111541748,5.470672754144634
2024-07-09,5.470399856567383,5.452134944979277
2024-07-10,5.417099952697754,5.449709695911732
2024-07-11,5.414700031280518,5.413254570932685
2024-07-12,5.438000202178955,5.4087409148587176
2024-07-13,5.438000202178955,5.402761731026077
2024-07-14,5.438000202178955,5.40562158156193
2024-07-15,5.422800064086914,5.40517868819382
2024-07-16,5.446800231933594,5.4112835902287095
2024-07-17,5.424300193786621,5.412760343719468
2024-07-18,5.48769998550415,5.415062363310662
2024-07-19,5.5432000160217285,5.459869882028216
2024-07-20,5.5432000160217285,5.481495414386167
2024-07-21,5.5432000160217285,5.500206306226474
2024-07-22,5.520872116088867,5.503692149698932
2024-07-23,5.570700168609619,5.515685030013252
2024-07-24,5.585299968719482,5.535258312678875
2024-07-25,5.653600215911865,5.573839187036144
2024-07-26,5.643099784851074,5.609302420240558
2024-07-27,5.643099784851074,5.616629332522494
2024-07-28,5.643099784851074,5.610570221818013
2024-07-29,5.622840881347656,5.617348375730094
2024-07-30,5.614500045776367,5.608710151888803
2024-07-31,5.611100196838379,5.5980665288493405
2024-08-01,5.656599998474121,5.583428334346392
2024-08-02,5.75059986114502,5.6323625595161655
2024-08-03,5.75059986114502,5.674512271786366
2024-08-04,5.75059986114502,5.676069513987633
2024-08-05,5.7266998291015625,5.661750390978645
2024-08-06,5.720900058746338,5.66530432784325
2024-08-07,5.6554999351501465,5.663709806408338
2024-08-08,5.635799884796143,5.6297471307232865
2024-08-09,5.54610013961792,5.616133553041014
2024-08-10,5.54610013961792,5.550448178419769
2024-08-11,5.54610013961792,5.521138774524085
2024-08-12,5.50629997253418,5.519121440545611
2024-08-13,5.491899967193604,5.478177664541425
2024-08-14,5.455699920654297,5.4701826697573335
2024-08-15,5.468900203704834,5.43206416357071
2024-08-16,5.484899997711182,5.447842256165609
2024-08-17,5.484899997711182,5.459338145862594
2024-08-18,5.484899997711182,5.4606744963939935
2024-08-19,5.47130012512207,5.459099973334936
2024-08-20,5.405600070953369,5.456844427699362
2024-08-21,5.478099822998047,5.407653910346535
2024-08-22,5.482500076293945,5.460926954053513
2024-08-23,5.59089994430542,5.4655523866228375
2024-08-24,5.59089994430542,5.498431327815514
2024-08-25,5.59089994430542,5.53607826056409
2024-08-26,5.485400199890137,5.493955250936784
2024-08-27,5.495699882507324,5.474281038067697
2024-08-28,5.507900238037109,5.459097831215259
2024-08-29,5.56220006942749,5.495070648813526
2024-08-30,5.627699851989746,5.506006646528157
2024-08-31,5.627699851989746,5.57802148801778
2024-09-01,5.627699851989746,5.586907510450624
2024-09-02,5.60920000076294,5.600274649289285
2024-09-03,5.615099906921387,5.577439013671003
2024-09-04,5.647500038146973,5.583174051229204
2024-09-05,5.642000198364258,5.586589664149369
2024-09-06,5.567500114440918,5.59203830938922
2024-09-07,5.567500114440918,5.531219446262769
2024-09-08,5.567500114440918,5.545528503702363
2024-09-09,5.59660005569458,5.52046306515868
2024-09-10,5.5843000411987305,5.549703365977002
2024-09-11,5.662899971008301,5.541815228545592
2024-09-12,5.667399883270264,5.568359400535146
2024-09-13,5.625699996948242,5.57795813187181
2024-09-14,5.625699996948242,5.5799637281903856
2024-09-15,5.625699996948242,5.593016896001274
2024-09-16,5.612370014190674,5.577467503826629
2024-09-17,5.503900051116943,5.534635308200601
2024-09-18,5.4816999435424805,5.512820010024925
2024-09-19,5.460999965667725,5.45311514674935
2024-09-20,5.423900127410889,5.457146444354977
2024-09-21,5.423900127410889,5.389715369255595
2024-09-22,5.423900127410889,5.395019437479034
2024-09-23,5.513599872589111,5.393291654970258
2024-09-24,5.536099910736084,5.450890403075919
2024-09-25,5.449699878692627,5.443419503220307
2024-09-26,5.473800182342529,5.39427789203013
2024-09-27,5.436699867248535,5.438280391331562
2024-09-28,5.436699867248535,5.395389150404741
2024-09-29,5.436699867248535,5.392187069469652
2024-09-30,5.433199882507324,5.406557429632345
2024-10-01,5.448500156402588,5.398916183793287
2024-10-02,5.423999786376953,5.402193081828154
2024-10-03,5.440299987792969,5.398839746079354
2024-10-04,5.47629976272583,5.383356168985201
2024-10-05,5.47629976272583,5.458183055243982
2024-10-06,5.47629976272583,5.461720238223848
2024-10-07,5.4542999267578125,5.470307433431531
2024-10-08,5.494200229644775,5.444612289250985
2024-10-09,5.5346999168396,5.472899421423435
2024-10-10,5.596099853515625,5.510731452135793
2024-10-11,5.581699848175049,5.542875923945185
2024-10-12,5.581699848175049,5.554374973348133
2024-10-13,5.581699848175049,5.5669802208806365
2024-10-14,5.610599994659424,5.575849079739959
2024-10-15,5.594699859619141,5.573836632888882
2024-10-16,5.651999950408936,5.576298398466493
2024-10-17,5.668000221252441,5.607242857022731
2024-10-18,5.651800155639648,5.592617912619837
2024-10-19,5.651800155639648,5.602055236275856
2024-10-20,5.651800155639648,5.6060856028003805
2024-10-21,5.635900020599365,5.632873775048297
2024-10-22,5.68809986114502,5.63861151951631
2024-10-23,5.689300060272217,5.653826618377749
2024-10-24,5.686500072479248,5.656740685977466
2024-10-25,5.664000034332275,5.638586931508662
2024-10-26,5.664000034332275,5.630805186916325
2024-10-27,5.664000034332275,5.638357003949107
2024-10-28,5.685812950134277,5.638847451126486
2024-10-29,5.71019983291626,5.647071222473714
2024-10-30,5.760000228881836,5.68414637918528
2024-10-31,5.76230001449585,5.680608060504051
2024-11-01,5.789400100708008,5.683422308954485
2024-11-02,5.789400100708008,5.696623818361542
2024-11-03,5.789400100708008,5.69254135938073
2024-11-04,5.677525997161865,5.686307070262364
2024-11-05,5.790599822998047,5.640772481285756
2024-11-06,5.739799976348877,5.68344685576593
2024-11-07,5.674799919128418,5.651076370747555
2024-11-08,5.690999984741211,5.637648208450148
2024-11-09,5.690999984741211,5.657494450009649
2024-11-10,5.690999984741211,5.661959621135456
2024-11-11,5.736400127410889,5.662883200329184
2024-11-12,5.75540018081665,5.685685865765117
2024-11-13,5.748199939727783,5.683229654677543
2024-11-14,5.805900096893311,5.683257371124622
2024-11-15,5.788300037384033,5.701544814955238
2024-11-16,5.788300037384033,5.688814318659474
2024-11-17,5.788300037384033,5.692770347700502
2024-11-18,5.794600009918213,5.691888091695278
2024-11-19,5.746399879455566,5.699825753345776
2024-11-20,5.7718000411987305,5.689304453743156
2024-11-21,5.770699977874756,5.7002278919694565
2024-11-22,5.814099788665772,5.693788146199678
2024-11-23,5.814099788665772,5.698786467362721
2024-11-24,5.814099788665772,5.6969106028807985
2024-11-25,5.799300193786621,5.704646892125528
2024-11-26,5.797200202941895,5.688018547224885
2024-11-27,5.809599876403809,5.685325759006079
2024-11-28,5.937399864196777,5.6879292364524305
2024-11-29,6.013899803161621,5.668362216582995
2024-11-30,6.013899803161621,5.671812826261564
2024-12-01,6.013899803161621,5.667209621457221
2024-12-02,5.973199844360352,5.675025906292183
2024-12-03,6.05679988861084,5.699532895021076
2024-12-04,6.043099880218506,5.692899925628748
2024-12-05,6.03879976272583,5.699649665419182
2024-12-06,6.010300159454346,5.687860289604784
2024-12-07,6.010300159454346,5.69006792481102
2024-12-08,6.010300159454346,5.695806015092265
2024-12-09,6.0883002281188965,5.704100711398677
2024-12-10,6.076600074768066,5.699985246316493
2024-12-11,6.045300006866455,5.69967099187293
2024-12-12,5.952700138092041,5.691604246998337
2024-12-13,5.996099948883057,5.682204900472314
2024-12-14,5.996099948883057,5.682232050146545
2024-12-15,5.996099948883057,5.689416309631878
2024-12-16,6.040900230407715,5.704185142727449
2024-12-17,6.147299766540527,5.705896197813163
2024-12-18,6.1031999588012695,5.7207374785993075
2024-12-19,6.1031999588012695,5.704588583580293
2024-12-20,6.151599884033203,5.7063070150795365
2024-12-21,6.151599884033203,5.707718967071282
2024-12-22,6.151599884033203,5.716312001087141
2024-12-23,6.084199905395508,5.715976105147625
2024-12-24,6.193900108337402,5.710092199032019
2024-12-25,6.175600051879883,5.716920186916523
2024-12-26,6.175600051879883,5.725264470715226
2024-12-27,6.148499965667725,5.734497835572047
2024-12-28,6.148499965667725,5.732855210633779
2024-12-29,6.148499965667725,5.7348899575231655
2024-12-30,6.193699836730957,5.7274759185181905
2024-12-31,6.1778998374938965,5.748066857035894
2025-01-01,6.1778998374938965,5.743850727505787
2025-01-02,6.1778998374938965,5.743469784982019
2025-01-03,6.151000022888184,5.74000776878093
2025-01-04,6.151000022888184,5.738425594610431
2025-01-05,6.151000022888184,5.738767380907892
2025-01-06,6.180699825286865,5.735151884089169
2025-01-07,6.115499973297119,5.7354900868840195
2025-01-08,6.100900173187256,5.732642665231883
2025-01-09,6.105800151824951,5.727082576954645
2025-01-10,6.034599781036377,5.715865761727731
2025-01-11,6.034599781036377,5.713165847594894
2025-01-12,6.034599781036377,5.724260965303575
2025-01-13,6.105899810791016,5.718666647946119
2025-01-14,6.093400001525879,5.731927577113689
2025-01-15,6.054800033569336,5.733092483110665
2025-01-16,6.012199878692627,5.734138879512364
2025-01-17,6.049900054931641,5.721665729036387
2025-01-18,6.049900054931641,5.727064351489396
2025-01-19,6.049900054931641,5.728306945006489
2025-01-20,6.066163063049316,5.726247621278098
2025-01-21,6.029799938201904,5.732686711677912
2025-01-22,6.020500183105469,5.7320548217201965
2025-01-23,5.940299987792969,5.72812295445074
2025-01-24,5.923999786376953,5.717292351026583
2025-01-25,5.923999786376953,5.716510997247534
